[Nodo],[CY],[CX]
1,1324.689966,6843.291995
2,3173.61894,8421.645998
3,6341.600902,9165.72717
4,9148.816234,8568.207441
5,7243.517475,6313.416009
6,4391.206313,6087.936866
7,907.5535513,4137.542277
8,4921.0823,3596.392334
9,9126.26832,3314.543405
10,2158.962796,2378.804961
11,7705.749718,1364.148816
